target,train_r2,test_r2,n_samples
lh,0.11085140705108643,0.11077624559402466,58761587
estrogen,0.21729421615600586,0.21777117252349854,58760235
pdg,0.3441908359527588,0.3443034887313843,53799702
