hormone,r_squared
lh,0.0246105182738936
estrogen,0.11515810828013784
pdg,0.13877495404190598
