model,n_features,avg_train_r2,avg_test_r2
Top_5_Features,5,0.2241121530532837,0.2242836356163025
